{
  "average_training_loss": 0.08836310058832168,
  "average_testing_loss": 0.08836310058832168,
  "best_weight": [
    -0.47674646973609924,
    -0.3882034718990326,
    -0.3513234257698059,
    0.13421103358268738,
    -0.49351799488067627,
    0.39042574167251587,
    0.3407626450061798,
    1.432458758354187,
    0.27069902420043945,
    0.36669614911079407,
    -0.9012813568115234,
    -0.0036378628574311733,
    0.3097813129425049,
    -0.3828032910823822,
    0.8193854093551636,
    0.5757426023483276,
    0.5365985631942749,
    -0.2843100428581238,
    0.20684289932250977,
    0.2512255907058716,
    0.414828896522522,
    -0.13067719340324402,
    0.6250594258308411,
    -0.004145374521613121,
    0.37875130772590637,
    0.003285396611317992,
    -0.2570708394050598,
    -0.44715628027915955,
    0.07336869090795517,
    -0.7996181845664978,
    0.6143149137496948,
    0.30406737327575684,
    -0.24816638231277466,
    0.2266165018081665,
    -0.786217451095581,
    -0.7778430581092834,
    1.1539866924285889,
    0.5122215747833252,
    0.32159554958343506,
    0.5316120982170105,
    -0.4647124409675598,
    0.2049277275800705,
    -0.6951593160629272,
    0.4350796341896057,
    0.5142181515693665,
    0.24886555969715118,
    0.7803930640220642,
    -0.5346447229385376,
    0.5055424571037292,
    0.46741732954978943,
    0.7471689581871033,
    -0.21267518401145935,
    -0.5065807104110718,
    0.23434920608997345,
    -0.4103074371814728,
    -0.14130668342113495,
    -0.9282893538475037,
    -1.1252965927124023,
    1.40799081325531,
    -0.7892648577690125,
    0.8056033849716187,
    -1.0066418647766113,
    -1.0372611284255981,
    0.8536192774772644,
    0.16712291538715363,
    0.12608245015144348
  ],
  "best_iteration": 4,
  "all_results": [
    {
      "training_loss": 0.08994423598051071,
      "testing_loss": 0.08994423598051071,
      "best_weight": [
        0.8684698939323425,
        0.6904675960540771,
        0.0550435371696949,
        0.4597861170768738,
        -1.1504322290420532,
        0.6892523169517517,
        -0.7679863572120667,
        -0.30953800678253174,
        0.4578586518764496,
        0.19331306219100952,
        -1.4616237878799438,
        0.04514378681778908,
        0.9599139094352722,
        0.1262691468000412,
        -0.5551276803016663,
        0.38993963599205017,
        3.483767509460449,
        -3.925816297531128,
        -0.4321110248565674,
        0.46289435029029846,
        0.43846336007118225,
        0.29547417163848877,
        0.4085232615470886,
        -0.08737419545650482,
        -0.08791700750589371,
        -0.006270800717175007,
        0.027468044310808182,
        0.8800535202026367,
        -0.30688828229904175,
        0.3124849200248718,
        0.16998110711574554,
        -0.23251910507678986,
        0.1271011233329773,
        0.11688657104969025,
        0.49749282002449036,
        -1.4222155809402466,
        0.31939274072647095,
        -0.12975497543811798,
        -0.6566734910011292,
        0.41058313846588135,
        -0.4871933162212372,
        0.22394751012325287,
        -1.2559915781021118,
        0.39504826068878174,
        -0.34239450097084045,
        -0.8721559643745422,
        0.3461405634880066,
        1.228463053703308,
        -0.4811306297779083,
        0.47200602293014526,
        -0.8629357814788818,
        0.6276748180389404,
        1.238053560256958,
        -1.0512508153915405,
        1.138129711151123,
        0.12258811295032501,
        1.3664681911468506,
        0.7519176006317139,
        0.3405444025993347,
        1.6916658878326416,
        0.7099518179893494,
        -1.5534846782684326,
        0.6721804738044739,
        -0.772024393081665,
        -0.2346941977739334,
        -1183.060791015625
      ]
    },
    {
      "training_loss": 0.08335298299789429,
      "testing_loss": 0.08335298299789429,
      "best_weight": [
        0.288494735956192,
        0.3546420633792877,
        0.4484216570854187,
        -0.1569960117340088,
        1.3343899250030518,
        1.0265007019042969,
        0.3147217035293579,
        0.32881152629852295,
        -0.6148732304573059,
        -0.2414250671863556,
        0.7060537934303284,
        0.013813643716275692,
        0.22609779238700867,
        -0.15402436256408691,
        0.2660798132419586,
        0.5881802439689636,
        -0.9190013408660889,
        0.11127656698226929,
        0.30262917280197144,
        0.5733635425567627,
        -0.23810121417045593,
        -0.9411095380783081,
        0.5216037631034851,
        0.3344462215900421,
        -0.3747587203979492,
        -0.0546531043946743,
        0.5591622591018677,
        -0.24579761922359467,
        1.6725462675094604,
        -2.0913589000701904,
        0.2423938661813736,
        0.4313625991344452,
        0.45813819766044617,
        0.6116276383399963,
        -0.562658965587616,
        0.6018230319023132,
        0.03712087869644165,
        0.5531923770904541,
        -0.02833443693816662,
        0.5456473231315613,
        0.7112779021263123,
        0.9193608164787292,
        0.4038369953632355,
        -1.2355241775512695,
        0.4489895701408386,
        0.30461055040359497,
        0.5110465288162231,
        0.057065073400735855,
        0.06050513684749603,
        1.5981489419937134,
        0.5598627328872681,
        0.2894971966743469,
        0.1666516810655594,
        0.4759697914123535,
        -1.8582522869110107,
        1.2006728649139404,
        0.48709747195243835,
        -0.9075037240982056,
        0.7218196392059326,
        -0.621945858001709,
        0.8779354691505432,
        -1.6858458518981934,
        -0.6569951176643372,
        0.8323987126350403,
        0.11541306227445602,
        3383420080095232
      ]
    },
    {
      "training_loss": 0.09436261653900146,
      "testing_loss": 0.09436261653900146,
      "best_weight": [
        1.009961724281311,
        0.6830885410308838,
        -1.231827735900879,
        1.3265445232391357,
        1.3366978168487549,
        0.08418428152799606,
        0.43815088272094727,
        0.5359546542167664,
        0.4882919192314148,
        0.8038949370384216,
        -0.027251960709691048,
        -0.19013282656669617,
        0.7517659068107605,
        1.7157690525054932,
        -0.42994174361228943,
        0.6465854644775391,
        0.6699555516242981,
        0.05669786036014557,
        -0.9173638224601746,
        0.13692575693130493,
        -0.5045203566551208,
        0.07504674792289734,
        -0.4199593961238861,
        -0.5706905126571655,
        0.7804305553436279,
        1.2000471353530884,
        0.5869401693344116,
        0.8961203694343567,
        -0.2547356188297272,
        -0.8085570931434631,
        0.35919737815856934,
        0.3508041799068451,
        0.14697220921516418,
        0.19748985767364502,
        -0.9440621733665466,
        0.07094282656908035,
        -0.12671519815921783,
        0.5610013008117676,
        0.5609017610549927,
        0.5918139219284058,
        -0.871909499168396,
        0.7093570232391357,
        0.1872452199459076,
        0.39531567692756653,
        -0.32119879126548767,
        1.4489037990570068,
        -0.0009424495510756969,
        0.06529544293880463,
        -0.03760308772325516,
        -0.2544352412223816,
        1.0166206359863281,
        0.16314929723739624,
        -0.6040869355201721,
        -0.4346540868282318,
        0.7666031718254089,
        1.9150148630142212,
        0.577724039554596,
        -1.202073097229004,
        -0.8563419580459595,
        0.10375043749809265,
        -0.7713153958320618,
        -1.5053952932357788,
        -0.9112171530723572,
        0.4974423944950104,
        0.30335870385169983,
        106676.953125
      ]
    },
    {
      "training_loss": 0.0938463807106018,
      "testing_loss": 0.0938463807106018,